"","playerID","yearID","stint","teamID","lgID","POS","G","GS","InnOuts","PO","A","E","DP","PB","WP","SB","CS","ZR"
"1","anderjo01",1901,1,"MLA","AL","1B",125,0,0,1310,66,25,81,0,0,0,0,0
"2","anderjo01",1901,1,"MLA","AL","OF",13,0,0,40,1,1,0,0,0,0,0,0
"3","bakerbo01",1901,1,"CLE","AL","P",1,0,0,0,2,0,1,0,0,0,0,0
"4","bakerbo01",1901,2,"PHA","AL","P",1,0,0,0,0,0,0,0,0,0,0,0
"5","barreji01",1901,1,"DET","AL","OF",135,0,0,300,31,21,7,0,0,0,0,0
"6","barrysh01",1901,1,"BSN","NL","OF",11,0,0,24,1,2,0,0,0,0,0,0
"7","barrysh01",1901,2,"PHI","NL","2B",35,0,0,65,93,17,7,0,0,0,0,0
"8","barrysh01",1901,2,"PHI","NL","3B",16,0,0,23,30,14,1,0,0,0,0,0
"9","barrysh01",1901,2,"PHI","NL","OF",13,0,0,29,0,0,0,0,0,0,0,0
"10","barrysh01",1901,2,"PHI","NL","SS",1,0,0,1,0,0,0,0,0,0,0,0
"11","bayha01",1901,1,"CIN","NL","OF",40,0,0,78,3,4,3,0,0,0,0,0
"12","beaumgi01",1901,1,"PIT","NL","OF",133,0,0,289,8,18,2,0,0,0,0,0
"13","becker01",1901,1,"CLE","AL","2B",132,0,0,310,404,56,44,0,0,0,0,0
"14","becklja01",1901,1,"CIN","NL","1B",140,0,0,1366,71,34,79,0,0,0,0,0
"15","bergebi01",1901,1,"CIN","NL","C",87,0,0,406,117,16,8,4,0,0,0,0
"16","bernacu01",1901,1,"NY1","NL","2B",4,0,0,4,7,2,1,0,0,0,0,0
"17","bernacu01",1901,1,"NY1","NL","3B",1,0,0,1,2,1,0,0,0,0,0,0
"18","bernacu01",1901,1,"NY1","NL","OF",15,0,0,24,4,7,0,0,0,0,0,0
"19","bernacu01",1901,1,"NY1","NL","SS",2,0,0,2,1,1,0,0,0,0,0,0
"20","bernhbi01",1901,1,"PHA","AL","OF",1,0,0,0,1,0,0,0,0,0,0,0
"21","bernhbi01",1901,1,"PHA","AL","P",31,0,0,22,85,4,1,0,0,0,0,0
"22","bevilbe01",1901,1,"BOS","AL","1B",1,0,0,5,0,1,0,0,0,0,0,0
"23","bevilbe01",1901,1,"BOS","AL","P",2,0,0,0,2,0,0,0,0,0,0,0
"24","bonege01",1901,1,"MLA","AL","SS",12,0,0,24,29,8,6,0,0,0,0,0
"25","bowerfr01",1901,1,"NY1","NL","1B",1,0,0,10,0,0,0,0,0,0,0,0
"26","bowerfr01",1901,1,"NY1","NL","2B",3,0,0,8,14,2,0,0,0,0,0,0
"27","bowerfr01",1901,1,"NY1","NL","3B",3,0,0,5,7,2,0,0,0,0,0,0
"28","bowerfr01",1901,1,"NY1","NL","C",46,0,0,256,67,17,6,21,0,0,0,0
"29","bowerfr01",1901,1,"NY1","NL","SS",3,0,0,2,7,3,0,0,0,0,0,0
"30","brackja01",1901,1,"CLE","AL","P",12,0,0,0,25,0,0,0,0,0,0,0
"31","bradlbi01",1901,1,"CLE","AL","3B",133,0,0,192,298,37,25,0,0,0,0,0
"32","bradlbi01",1901,1,"CLE","AL","P",1,0,0,0,0,0,0,0,0,0,0,0
"33","braggdi01",1901,1,"CLE","AL","P",4,0,0,0,10,0,1,0,0,0,0,0
"34","brainda01",1901,1,"CHA","AL","2B",5,0,0,14,16,3,4,0,0,0,0,0
"35","branski01",1901,1,"PIT","NL","1B",139,0,0,1374,52,28,72,0,0,0,0,0
"36","breitte01",1901,1,"SLN","NL","P",3,0,0,2,7,0,2,0,0,0,0,0
"37","bresnro01",1901,1,"BLA","AL","2B",2,0,0,9,2,1,1,0,0,0,0,0
"38","bresnro01",1901,1,"BLA","AL","3B",4,0,0,2,3,0,0,0,0,0,0,0
"39","bresnro01",1901,1,"BLA","AL","C",69,0,0,199,63,23,3,14,0,0,0,0
"40","bresnro01",1901,1,"BLA","AL","OF",8,0,0,9,1,2,0,0,0,0,0,0
"41","bresnro01",1901,1,"BLA","AL","P",2,0,0,0,2,1,0,0,0,0,0,0
"42","brodist01",1901,1,"BLA","AL","OF",83,0,0,178,4,7,0,0,0,0,0,0
"43","brownfr01",1901,1,"BSN","NL","OF",5,0,0,8,1,0,0,0,0,0,0,0
"44","brownge01",1901,1,"PHI","NL","OF",8,0,0,13,0,0,0,0,0,0,0,0
"45","bruyeed01",1901,1,"MLA","AL","2B",3,0,0,7,10,1,1,0,0,0,0,0
"46","bruyeed01",1901,1,"MLA","AL","3B",1,0,0,0,1,0,0,0,0,0,0,0
"47","bruyeed01",1901,1,"MLA","AL","OF",21,0,0,27,1,8,0,0,0,0,0,0
"48","bruyeed01",1901,1,"MLA","AL","SS",1,0,0,1,2,0,0,0,0,0,0,0
"49","bueloch01",1901,1,"NY1","NL","2B",2,0,0,2,3,1,0,0,0,0,0,0
"50","bueloch01",1901,1,"NY1","NL","3B",17,0,0,18,40,10,2,0,0,0,0,0
"51","buelofr01",1901,1,"DET","AL","C",69,0,0,213,84,10,4,11,0,0,0,0
"52","burkeje01",1901,1,"SLN","NL","OF",142,0,0,307,17,27,4,0,0,0,0,0
"53","burkeji01",1901,1,"MLA","AL","3B",64,0,0,83,132,35,5,0,0,0,0,0
"54","burkeji01",1901,2,"CHA","AL","3B",11,0,0,17,31,8,0,0,0,0,0,0
"55","burkeji01",1901,2,"CHA","AL","SS",31,0,0,56,94,23,10,0,0,0,0,0
"56","burkeji01",1901,3,"PIT","NL","3B",14,0,0,16,34,7,3,0,0,0,0,0
"57","burnsfa01",1901,1,"SLN","NL","P",1,0,0,0,0,0,0,0,0,0,0,0
"58","butlejo01",1901,1,"MLA","AL","C",1,0,0,2,0,0,0,0,0,0,0,0
"59","callani01",1901,1,"CHA","AL","2B",2,0,0,1,0,1,0,0,0,0,0,0
"60","callani01",1901,1,"CHA","AL","3B",6,0,0,7,10,3,2,0,0,0,0,0
"61","callani01",1901,1,"CHA","AL","P",27,0,0,19,83,6,3,0,0,0,0,0
"62","carnepa01",1901,1,"BSN","NL","OF",13,0,0,14,0,1,0,0,0,0,0,0
"63","carrch01",1901,1,"PHA","AL","1B",2,0,0,23,2,2,0,0,0,0,0,0
"64","carribi01",1901,1,"WS1","AL","P",42,0,0,9,94,8,3,0,0,0,0,0
"65","carrle01",1901,1,"PIT","NL","3B",1,0,0,0,0,1,0,0,0,0,0,0
"66","carrle01",1901,1,"PIT","NL","SS",9,0,0,12,19,4,3,0,0,0,0,0
"67","carseki01",1901,1,"BRO","NL","P",2,0,0,0,1,0,0,0,0,0,0,0
"68","casech01",1901,1,"CIN","NL","P",3,0,0,0,9,3,0,0,0,0,0,0
"69","caseydo01",1901,1,"DET","AL","3B",127,0,0,133,324,58,25,0,0,0,0,0
"70","cermaed01",1901,1,"CLE","AL","OF",1,0,0,4,1,0,1,0,0,0,0,0
"71","chancfr01",1901,1,"CHN","NL","1B",6,0,0,27,3,4,1,0,0,0,0,0
"72","chancfr01",1901,1,"CHN","NL","C",13,0,0,55,20,1,2,1,0,0,0,0
"73","chancfr01",1901,1,"CHN","NL","OF",51,0,0,61,7,5,0,0,0,0,0,0
"74","chesbja01",1901,1,"PIT","NL","P",36,0,0,12,57,5,2,0,0,0,0,0
"75","childcu01",1901,1,"CHN","NL","2B",63,0,0,146,192,22,34,0,0,0,0,0
"76","childpe01",1901,1,"SLN","NL","2B",19,0,0,39,49,9,4,0,0,0,0,0
"77","childpe01",1901,1,"SLN","NL","OF",2,0,0,2,0,0,0,0,0,0,0,0
"78","childpe01",1901,1,"SLN","NL","SS",1,0,0,0,1,2,0,0,0,0,0,0
"79","childpe01",1901,2,"CHN","NL","2B",60,0,0,128,198,14,19,0,0,0,0,0
"80","clarkbo02",1901,1,"WS1","AL","1B",3,0,0,24,0,1,1,0,0,0,0,0
"81","clarkbo02",1901,1,"WS1","AL","C",107,0,0,358,122,24,11,10,0,0,0,0
"82","clarkfr01",1901,1,"PIT","NL","3B",1,0,0,0,0,0,0,0,0,0,0,0
"83","clarkfr01",1901,1,"PIT","NL","OF",127,0,0,282,13,9,0,0,0,0,0,0
"84","clarkfr01",1901,1,"PIT","NL","SS",1,0,0,1,2,3,1,0,0,0,0,0
"85","clingbi01",1901,1,"WS1","AL","SS",137,0,0,290,462,55,56,0,0,0,0,0
"86","colliji01",1901,1,"BOS","AL","3B",138,0,0,203,328,50,24,0,0,0,0,0
"87","connbe01",1901,1,"PHI","NL","2B",5,0,0,9,13,3,0,0,0,0,0,0
"88","connojo03",1901,1,"MLA","AL","2B",1,0,0,0,1,0,0,0,0,0,0,0
"89","connojo03",1901,1,"MLA","AL","3B",1,0,0,0,0,0,0,0,0,0,0,0
"90","connojo03",1901,1,"MLA","AL","C",30,0,0,94,37,7,2,3,0,0,0,0
"91","connojo03",1901,1,"MLA","AL","OF",1,0,0,3,0,1,0,0,0,0,0,0
"92","connojo03",1901,2,"CLE","AL","C",32,0,0,111,36,9,0,11,0,0,0,0
"93","connojo03",1901,2,"CLE","AL","OF",4,0,0,7,2,1,0,0,0,0,0,0
"94","connojo03",1901,2,"CLE","AL","SS",1,0,0,1,3,0,1,0,0,0,0,0
"95","conrowi01",1901,1,"MLA","AL","3B",12,0,0,14,19,5,2,0,0,0,0,0
"96","conrowi01",1901,1,"MLA","AL","SS",118,0,0,285,408,59,46,0,0,0,0,0
"97","cooledu01",1901,1,"BSN","NL","1B",10,0,0,91,4,1,3,0,0,0,0,0
"98","cooledu01",1901,1,"BSN","NL","OF",53,0,0,127,5,8,1,0,0,0,0,0
"99","corcoto01",1901,1,"CIN","NL","SS",30,0,0,69,112,16,20,0,0,0,0,0
"100","coughbi01",1901,1,"WS1","AL","3B",137,0,0,232,275,43,16,0,0,0,0,0
"101","crawfsa01",1901,1,"CIN","NL","OF",127,0,0,209,20,19,6,0,0,0,0,0
"102","crigelo01",1901,1,"BOS","AL","1B",8,0,0,80,1,2,5,0,0,0,0,0
"103","crigelo01",1901,1,"BOS","AL","C",68,0,0,300,109,14,11,9,0,0,0,0
"104","cristbi01",1901,1,"CLE","AL","P",6,0,0,3,19,1,3,0,0,0,0,0
"105","crockda01",1901,1,"DET","AL","1B",27,0,0,317,15,11,20,0,0,0,0,0
"106","croftha01",1901,1,"CHN","NL","OF",3,0,0,5,3,0,0,0,0,0,0,0
"107","crolifr01",1901,1,"BSN","NL","OF",49,0,0,65,3,12,1,0,0,0,0,0
"108","cronija01",1901,1,"DET","AL","OF",1,0,0,2,0,0,0,0,0,0,0,0
"109","cronija01",1901,1,"DET","AL","P",30,0,0,11,51,12,3,0,0,0,0,0
"110","crossfr01",1901,1,"CLE","AL","OF",1,0,0,0,0,0,0,0,0,0,0,0
"111","crossla01",1901,1,"PHA","AL","3B",100,0,0,140,236,33,7,0,0,0,0,0
"112","crossmo01",1901,1,"PHI","NL","SS",139,0,0,343,445,65,31,0,0,0,0,0
"113","cunnibe01",1901,1,"CHN","NL","P",1,0,0,2,5,0,0,0,0,0,0,0
"114","cuppyni01",1901,1,"BOS","AL","OF",4,0,0,1,0,0,0,0,0,0,0,0
"115","cuppyni01",1901,1,"BOS","AL","P",13,0,0,2,20,2,0,0,0,0,0,0
"116","dahlebi01",1901,1,"BRO","NL","2B",2,0,0,3,7,0,0,0,0,0,0,0
"117","dahlebi01",1901,1,"BRO","NL","SS",129,0,0,301,450,57,49,0,0,0,0,0
"118","dalyto01",1901,1,"BRO","NL","2B",133,0,0,370,357,43,46,0,0,0,0,0
"119","davisge01",1901,1,"NY1","NL","3B",17,0,0,25,47,3,2,0,0,0,0,0
"120","davisge01",1901,1,"NY1","NL","SS",113,0,0,296,396,45,42,0,0,0,0,0
"121","davisha01",1901,1,"PHA","AL","1B",117,0,0,1265,83,33,67,0,0,0,0,0
"122","davisle01",1901,1,"BRO","NL","2B",1,0,0,3,0,0,0,0,0,0,0,0
"123","davisle01",1901,1,"BRO","NL","OF",24,0,0,37,0,8,0,0,0,0,0,0
"124","davisle01",1901,2,"PIT","NL","OF",86,0,0,140,18,4,7,0,0,0,0,0
"125","deegadu01",1901,1,"NY1","NL","P",2,0,0,0,5,0,0,0,0,0,0,0
"126","delahed01",1901,1,"PHI","NL","1B",58,0,0,553,22,12,20,0,0,0,0,0
"127","delahed01",1901,1,"PHI","NL","OF",84,0,0,179,9,10,2,0,0,0,0,0
"128","delahji01",1901,1,"CHN","NL","2B",1,0,0,0,0,0,0,0,0,0,0,0
"129","delahji01",1901,1,"CHN","NL","3B",17,0,0,21,29,7,2,0,0,0,0,0
"130","demonge01",1901,1,"BSN","NL","2B",120,0,0,272,344,30,35,0,0,0,0,0
"131","demonge01",1901,1,"BSN","NL","3B",20,0,0,22,59,13,2,0,0,0,0,0
"132","denzero01",1901,1,"NY1","NL","P",11,0,0,0,9,2,1,0,0,0,0,0
"133","dextech01",1901,1,"CHN","NL","1B",54,0,0,499,39,10,28,0,0,0,0,0
"134","dextech01",1901,1,"CHN","NL","2B",13,0,0,34,33,4,3,0,0,0,0,0
"135","dextech01",1901,1,"CHN","NL","3B",25,0,0,39,48,11,0,0,0,0,0,0
"136","dextech01",1901,1,"CHN","NL","C",3,0,0,8,5,0,1,1,0,0,0,0
"137","dextech01",1901,1,"CHN","NL","OF",21,0,0,38,0,2,0,0,0,0,0,0
"138","dillopo01",1901,1,"DET","AL","1B",74,0,0,777,44,18,57,0,0,0,0,0
"139","dinnebi01",1901,1,"BSN","NL","1B",2,0,0,20,0,1,0,0,0,0,0,0
"140","dinnebi01",1901,1,"BSN","NL","OF",3,0,0,5,0,1,0,0,0,0,0,0
"141","dinnebi01",1901,1,"BSN","NL","P",37,0,0,14,72,7,2,0,0,0,0,0
"142","dobbsjo01",1901,1,"CIN","NL","3B",8,0,0,7,11,6,1,0,0,0,0,0
"143","dobbsjo01",1901,1,"CIN","NL","OF",100,0,0,189,11,11,4,0,0,0,0,0
"144","dohened01",1901,1,"NY1","NL","P",10,0,0,1,22,5,0,0,0,0,0,0
"145","dohened01",1901,2,"PIT","NL","P",11,0,0,1,15,3,0,0,0,0,0,0
"146","dolanco01",1901,1,"CHN","NL","OF",41,0,0,63,9,10,3,0,0,0,0,0
"147","dolanco01",1901,2,"BRO","NL","OF",64,0,0,108,9,4,2,0,0,0,0,0
"148","dolanjo02",1901,1,"PHI","NL","2B",10,0,0,13,23,1,4,0,0,0,0,0
"149","dolanjo02",1901,2,"PHA","AL","2B",1,0,0,1,1,0,1,0,0,0,0,0
"150","dolanjo02",1901,2,"PHA","AL","3B",35,0,0,42,103,14,5,0,0,0,0,0
"151","dolanjo02",1901,2,"PHA","AL","OF",1,0,0,0,0,0,0,0,0,0,0,0
"152","dolanjo02",1901,2,"PHA","AL","SS",61,0,0,88,223,42,30,0,0,0,0,0
"153","donahji02",1901,1,"PIT","NL","C",1,0,0,0,0,0,0,1,0,0,0,0
"154","donahji02",1901,1,"PIT","NL","OF",1,0,0,0,0,0,0,0,0,0,0,0
"155","donahji02",1901,2,"MLA","AL","1B",13,0,0,113,6,10,8,0,0,0,0,0
"156","donahji02",1901,2,"MLA","AL","C",19,0,0,73,24,7,0,4,0,0,0,0
"157","donahre01",1901,1,"PHI","NL","P",34,0,0,8,73,4,0,0,0,0,0,0
"158","donlimi01",1901,1,"BLA","AL","1B",47,0,0,435,24,9,19,0,0,0,0,0
"159","donlimi01",1901,1,"BLA","AL","OF",74,0,0,179,12,17,2,0,0,0,0,0
"160","donovbi01",1901,1,"BRO","NL","P",45,0,0,14,75,7,5,0,0,0,0,0
"161","donovpa01",1901,1,"SLN","NL","OF",129,0,0,215,19,5,8,0,0,0,0,0
"162","donovto01",1901,1,"CLE","AL","OF",18,0,0,21,4,4,0,0,0,0,0,0
"163","donovto01",1901,1,"CLE","AL","P",1,0,0,0,2,0,0,0,0,0,0,0
"164","douglkl01",1901,1,"PHI","NL","1B",6,0,0,45,0,0,2,0,0,0,0,0
"165","douglkl01",1901,1,"PHI","NL","C",41,0,0,201,29,5,2,10,0,0,0,0
"166","douglkl01",1901,1,"PHI","NL","OF",2,0,0,6,1,0,0,0,0,0,0,0
"167","dowdto01",1901,1,"BOS","AL","1B",2,0,0,13,1,0,0,0,0,0,0,0
"168","dowdto01",1901,1,"BOS","AL","3B",1,0,0,1,0,0,0,0,0,0,0,0
"169","dowdto01",1901,1,"BOS","AL","OF",137,0,0,288,11,20,3,0,0,0,0,0
"170","dowlipe01",1901,1,"MLA","AL","P",10,0,0,1,15,1,0,0,0,0,0,0
"171","dowlipe01",1901,2,"CLE","AL","P",33,0,0,9,69,6,2,0,0,0,0,0
"172","doyleja01",1901,1,"CHN","NL","1B",75,0,0,698,60,21,32,0,0,0,0,0
"173","duffyhu01",1901,1,"MLA","AL","OF",77,0,0,141,5,5,0,0,0,0,0,0
"174","dugglbi01",1901,1,"PHI","NL","P",35,0,0,20,96,8,2,0,0,0,0,0
"175","dungasa01",1901,1,"WS1","AL","1B",35,0,0,349,11,7,15,0,0,0,0,0
"176","dungasa01",1901,1,"WS1","AL","OF",104,0,0,145,15,9,4,0,0,0,0,0
"177","dunnja01",1901,1,"PHI","NL","P",2,0,0,0,1,0,0,0,0,0,0,0
"178","dunnja01",1901,2,"BLA","AL","2B",1,0,0,2,3,0,0,0,0,0,0,0
"179","dunnja01",1901,2,"BLA","AL","3B",67,0,0,98,133,34,6,0,0,0,0,0
"180","dunnja01",1901,2,"BLA","AL","OF",1,0,0,1,0,0,0,0,0,0,0,0
"181","dunnja01",1901,2,"BLA","AL","P",9,0,0,4,20,2,1,0,0,0,0,0
"182","dunnja01",1901,2,"BLA","AL","SS",19,0,0,52,50,17,7,0,0,0,0,0
"183","dupeefr01",1901,1,"CHA","AL","P",1,0,0,0,0,0,0,0,0,0,0,0
"184","eagantr01",1901,1,"PIT","NL","SS",3,0,0,3,9,1,0,0,0,0,0,0
"185","eagantr01",1901,2,"CLE","AL","2B",5,0,0,4,18,0,0,0,0,0,0,0
"186","eagantr01",1901,2,"CLE","AL","3B",1,0,0,0,0,0,0,0,0,0,0,0
"187","easonma01",1901,1,"CHN","NL","P",27,0,0,13,51,6,0,0,0,0,0,0
"188","elberki01",1901,1,"DET","AL","SS",121,0,0,332,411,76,62,0,0,0,0,0
"189","elybo01",1901,1,"PIT","NL","3B",1,0,0,0,1,0,0,0,0,0,0,0
"190","elybo01",1901,1,"PIT","NL","SS",64,0,0,112,215,30,23,0,0,0,0,0
"191","elybo01",1901,2,"PHA","AL","SS",45,0,0,85,156,23,19,0,0,0,0,0
"192","everibi01",1901,1,"WS1","AL","1B",33,0,0,319,8,11,12,0,0,0,0,0
"193","farredu01",1901,1,"BRO","NL","1B",17,0,0,158,8,7,8,0,0,0,0,0
"194","farredu01",1901,1,"BRO","NL","C",59,0,0,285,90,8,8,14,0,0,0,0
"195","farrejo02",1901,1,"WS1","AL","2B",72,0,0,176,246,39,43,0,0,0,0,0
"196","farrejo02",1901,1,"WS1","AL","3B",1,0,0,2,2,1,1,0,0,0,0,0
"197","farrejo02",1901,1,"WS1","AL","OF",62,0,0,154,14,14,2,0,0,0,0,0
"198","felixha01",1901,1,"NY1","NL","P",1,0,0,0,0,0,0,0,0,0,0,0
"199","ferguch02",1901,1,"CHN","NL","P",1,0,0,0,0,0,0,0,0,0,0,0
"200","ferriho01",1901,1,"BOS","AL","2B",138,0,0,359,450,61,68,0,0,0,0,0
"201","ferriho01",1901,1,"BOS","AL","SS",1,0,0,0,0,0,0,0,0,0,0,0
"202","fishech04",1901,1,"NY1","NL","P",1,0,0,0,0,0,0,0,0,0,0,0
"203","fishech04",1901,2,"SLN","NL","P",1,0,0,0,2,0,0,0,0,0,0,0
"204","flickel01",1901,1,"PHI","NL","OF",138,0,0,278,23,12,7,0,0,0,0,0
"205","foremfr01",1901,1,"BOS","AL","P",1,0,0,0,2,0,0,0,0,0,0,0
"206","foremfr01",1901,2,"BLA","AL","P",24,0,0,4,43,6,0,0,0,0,0,0
"207","fostepo01",1901,1,"WS1","AL","OF",102,0,0,200,9,17,1,0,0,0,0,0
"208","fostepo01",1901,1,"WS1","AL","SS",2,0,0,0,8,0,0,0,0,0,0,0
"209","fostepo01",1901,2,"CHA","AL","OF",9,0,0,9,1,1,0,0,0,0,0,0
"210","foutzfr01",1901,1,"BLA","AL","1B",20,0,0,176,11,8,8,0,0,0,0,0
"211","foxbi01",1901,1,"CIN","NL","2B",43,0,0,103,136,13,19,0,0,0,0,0
"212","frasech01",1901,1,"PHA","AL","OF",2,0,0,2,1,0,0,0,0,0,0,0
"213","frasech01",1901,1,"PHA","AL","P",40,0,0,35,91,7,4,0,0,0,0,0
"214","freembu01",1901,1,"BOS","AL","1B",128,0,0,1278,55,36,71,0,0,0,0,0
"215","freembu01",1901,1,"BOS","AL","2B",1,0,0,0,0,0,0,0,0,0,0,0
"216","freembu01",1901,1,"BOS","AL","OF",1,0,0,1,0,0,0,0,0,0,0,0
"217","frielbi01",1901,1,"MLA","AL","2B",9,0,0,17,20,3,2,0,0,0,0,0
"218","frielbi01",1901,1,"MLA","AL","3B",61,0,0,65,149,33,11,0,0,0,0,0
"219","frielbi01",1901,1,"MLA","AL","OF",29,0,0,39,2,2,0,0,0,0,0,0
"220","frielbi01",1901,1,"MLA","AL","SS",6,0,0,21,12,8,3,0,0,0,0,0
"221","friskem01",1901,1,"DET","AL","OF",2,0,0,3,0,1,0,0,0,0,0,0
"222","friskem01",1901,1,"DET","AL","P",11,0,0,4,36,7,0,0,0,0,0,0
"223","fultzda01",1901,1,"PHA","AL","2B",18,0,0,32,49,5,1,0,0,0,0,0
"224","fultzda01",1901,1,"PHA","AL","OF",106,0,0,216,13,16,0,0,0,0,0,0
"225","fultzda01",1901,1,"PHA","AL","SS",9,0,0,16,38,12,1,0,0,0,0,0
"226","gallash01",1901,1,"CLE","AL","OF",2,0,0,2,0,1,0,0,0,0,0,0
"227","gammoda01",1901,1,"BSN","NL","2B",2,0,0,3,2,3,1,0,0,0,0,0
"228","gammoda01",1901,1,"BSN","NL","3B",1,0,0,3,0,2,0,0,0,0,0,0
"229","gammoda01",1901,1,"BSN","NL","OF",23,0,0,38,6,6,0,0,0,0,0,0
"230","gannobi01",1901,1,"CHN","NL","OF",15,0,0,16,2,0,0,0,0,0,0,0
"231","ganzejo01",1901,1,"NY1","NL","1B",138,0,0,1421,77,21,59,0,0,0,0,0
"232","garvine01",1901,1,"MLA","AL","P",37,0,0,14,83,7,2,0,0,0,0,0
"233","gatinfr01",1901,1,"BRO","NL","3B",46,0,0,56,58,10,5,0,0,0,0,0
"234","gatinfr01",1901,1,"BRO","NL","SS",5,0,0,17,14,1,2,0,0,0,0,0
"235","gearda01",1901,1,"WS1","AL","OF",35,0,0,45,6,3,3,0,0,0,0,0
"236","gearda01",1901,1,"WS1","AL","P",24,0,0,11,53,3,0,0,0,0,0,0
"237","geierph01",1901,1,"PHA","AL","3B",1,0,0,0,0,0,0,0,0,0,0,0
"238","geierph01",1901,1,"PHA","AL","OF",50,0,0,80,5,6,1,0,0,0,0,0
"239","geierph01",1901,1,"PHA","AL","SS",2,0,0,2,1,2,0,0,0,0,0,0
"240","geierph01",1901,2,"MLA","AL","3B",3,0,0,1,7,2,0,0,0,0,0,0
"241","geierph01",1901,2,"MLA","AL","OF",8,0,0,8,2,0,1,0,0,0,0,0
"242","geninfr01",1901,1,"CLE","AL","OF",26,0,0,60,3,4,1,0,0,0,0,0
"243","gertelo01",1901,1,"MLA","AL","OF",1,0,0,0,0,0,0,0,0,0,0,0
"244","gilbebi02",1901,1,"MLA","AL","2B",127,0,0,319,395,49,66,0,0,0,0,0
"245","gleasha01",1901,1,"BOS","AL","3B",1,0,0,0,2,1,1,0,0,0,0,0
"246","gleaski01",1901,1,"DET","AL","2B",135,0,0,334,457,64,67,0,0,0,0,0
"247","gochnjo01",1901,1,"BRO","NL","SS",3,0,0,4,9,0,0,0,0,0,0,0
"248","gradymi01",1901,1,"WS1","AL","1B",59,0,0,575,52,16,34,0,0,0,0,0
"249","gradymi01",1901,1,"WS1","AL","C",30,0,0,110,30,10,4,5,0,0,0,0
"250","gradymi01",1901,1,"WS1","AL","OF",3,0,0,3,1,0,0,0,0,0,0,0
"251","greenda01",1901,1,"CHN","NL","OF",133,0,0,312,16,24,7,0,0,0,0,0
"252","griffcl01",1901,1,"CHA","AL","P",35,0,0,9,78,5,3,0,0,0,0,0
"253","grossge01",1901,1,"BSN","NL","OF",7,0,0,18,0,0,0,0,0,0,0,0
"254","guesewh01",1901,1,"CIN","NL","P",6,0,0,1,6,3,0,0,0,0,0,0
"255","haberem01",1901,1,"CIN","NL","1B",2,0,0,20,1,0,3,0,0,0,0,0
"256","haberem01",1901,1,"CIN","NL","3B",3,0,0,1,5,5,0,0,0,0,0,0
"257","hahnno01",1901,1,"CIN","NL","P",42,0,0,14,85,6,4,0,0,0,0,0
"258","hallmbi01",1901,1,"CLE","AL","SS",5,0,0,11,11,5,1,0,0,0,0,0
"259","hallmbi01",1901,2,"PHI","NL","2B",90,0,0,177,261,13,20,0,0,0,0,0
"260","hallmbi01",1901,2,"PHI","NL","3B",33,0,0,33,61,4,2,0,0,0,0,0
"261","hallmbi02",1901,1,"MLA","AL","OF",139,0,0,226,21,26,6,0,0,0,0,0
"262","hallru01",1901,1,"CLE","AL","SS",1,0,0,1,2,3,0,0,0,0,0,0
"263","hamilbi01",1901,1,"BSN","NL","OF",99,0,0,232,7,14,4,0,0,0,0,0
"264","harledi01",1901,1,"CIN","NL","OF",133,0,0,245,20,30,2,0,0,0,0,0
"265","harpeja01",1901,1,"SLN","NL","P",39,0,0,13,82,4,3,0,0,0,0,0
"266","harribe01",1901,1,"WS1","AL","OF",1,0,0,0,0,0,0,0,0,0,0,0
"267","hartbi01",1901,1,"CLE","AL","P",20,0,0,5,55,3,2,0,0,0,0,0
"268","hartbu01",1901,1,"BLA","AL","1B",58,0,0,561,9,14,28,0,0,0,0,0
"269","hartmfr01",1901,1,"CHA","AL","3B",119,0,0,151,263,49,15,0,0,0,0,0
"270","hartsto01",1901,1,"CHN","NL","OF",140,0,0,273,16,15,3,0,0,0,0,0
"271","harveza01",1901,1,"CHA","AL","P",16,0,0,5,35,3,2,0,0,0,0,0
"272","harveza01",1901,2,"CLE","AL","OF",45,0,0,82,7,11,4,0,0,0,0,0
"273","hawlepi01",1901,1,"MLA","AL","OF",2,0,0,1,0,0,0,0,0,0,0,0
"274","hawlepi01",1901,1,"MLA","AL","P",26,0,0,6,55,4,1,0,0,0,0,0
"275","haydeja01",1901,1,"PHA","AL","OF",50,0,0,63,11,14,0,0,0,0,0,0
"276","hearnhu01",1901,1,"BRO","NL","C",2,0,0,4,3,0,0,2,0,0,0,0
"277","heidrem01",1901,1,"SLN","NL","OF",118,0,0,258,15,16,2,0,0,0,0,0
"278","heilech01",1901,1,"CIN","NL","2B",1,0,0,1,0,0,0,0,0,0,0,0
"279","heilech01",1901,1,"CIN","NL","3B",4,0,0,3,5,4,2,0,0,0,0,0
"280","heismcr01",1901,1,"CIN","NL","P",3,0,0,1,1,0,0,0,0,0,0,0
"281","hemphch01",1901,1,"BOS","AL","OF",136,0,0,188,22,17,4,0,0,0,0,0
"282","hestela01",1901,1,"NY1","NL","P",1,0,0,0,1,0,0,0,0,0,0,0
"283","heydomi01",1901,1,"SLN","NL","C",13,0,0,54,10,4,2,5,0,0,0,0
"284","heydomi01",1901,1,"SLN","NL","OF",1,0,0,0,0,0,0,0,0,0,0,0
"285","hickeed01",1901,1,"CHN","NL","3B",10,0,0,8,18,9,2,0,0,0,0,0
"286","hickmch01",1901,1,"NY1","NL","1B",2,0,0,16,3,0,0,0,0,0,0,0
"287","hickmch01",1901,1,"NY1","NL","2B",7,0,0,7,15,1,1,0,0,0,0,0
"288","hickmch01",1901,1,"NY1","NL","3B",15,0,0,20,32,10,2,0,0,0,0,0
"289","hickmch01",1901,1,"NY1","NL","OF",50,0,0,58,8,7,1,0,0,0,0,0
"290","hickmch01",1901,1,"NY1","NL","P",9,0,0,6,19,2,2,0,0,0,0,0
"291","hickmch01",1901,1,"NY1","NL","SS",23,0,0,47,77,15,4,0,0,0,0,0
"292","highed01",1901,1,"DET","AL","P",4,0,0,2,3,0,1,0,0,0,0,0
"293","hintojo01",1901,1,"BSN","NL","3B",4,0,0,4,5,3,0,0,0,0,0,0
"294","hoffebi01",1901,1,"CLE","AL","P",16,0,0,5,29,1,1,0,0,0,0,0
"295","hoffebi01",1901,1,"CLE","AL","SS",1,0,0,3,2,2,0,0,0,0,0,0
"296","hoffmla01",1901,1,"CHN","NL","2B",1,0,0,1,1,0,0,0,0,0,0,0
"297","hoffmla01",1901,1,"CHN","NL","3B",5,0,0,5,7,3,0,0,0,0,0,0
"298","hoganha01",1901,1,"CLE","AL","OF",1,0,0,0,0,0,0,0,0,0,0,0
"299","hogrige01",1901,1,"MLA","AL","OF",54,0,0,134,3,15,1,0,0,0,0,0
"300","holmedu01",1901,1,"DET","AL","OF",131,0,0,217,18,24,5,0,0,0,0,0
"301","howelha01",1901,1,"BLA","AL","1B",2,0,0,18,0,0,0,0,0,0,0,0
"302","howelha01",1901,1,"BLA","AL","2B",1,0,0,2,3,0,0,0,0,0,0,0
"303","howelha01",1901,1,"BLA","AL","OF",9,0,0,12,2,2,0,0,0,0,0,0
"304","howelha01",1901,1,"BLA","AL","P",37,0,0,13,73,9,5,0,0,0,0,0
"305","howelha01",1901,1,"BLA","AL","SS",6,0,0,14,15,5,1,0,0,0,0,0
"306","hoydu01",1901,1,"CHA","AL","OF",132,0,0,278,16,13,6,0,0,0,0,0
"307","hugheja01",1901,1,"BRO","NL","P",31,0,0,18,66,6,5,0,0,0,0,0
"308","hugheto01",1901,1,"CHN","NL","OF",1,0,0,0,0,0,0,0,0,0,0,0
"309","hugheto01",1901,1,"CHN","NL","P",37,0,0,12,58,6,4,0,0,0,0,0
"310","hurleje02",1901,1,"CIN","NL","C",7,0,0,39,6,3,0,0,0,0,0,0
"311","hustibe01",1901,1,"MLA","AL","1B",1,0,0,6,0,1,0,0,0,0,0,0
"312","hustibe01",1901,1,"MLA","AL","3B",1,0,0,0,0,0,0,0,0,0,0,0
"313","hustibe01",1901,1,"MLA","AL","P",34,0,0,16,82,8,4,0,0,0,0,0
"314","irwinch01",1901,1,"CIN","NL","3B",67,0,0,87,139,27,10,0,0,0,0,0
"315","irwinch01",1901,2,"BRO","NL","3B",65,0,0,88,106,9,5,0,0,0,0,0
"316","isbelfr01",1901,1,"CHA","AL","1B",137,0,0,1387,101,31,79,0,0,0,0,0
"317","isbelfr01",1901,1,"CHA","AL","2B",2,0,0,1,2,0,0,0,0,0,0,0
"318","isbelfr01",1901,1,"CHA","AL","3B",1,0,0,0,2,1,0,0,0,0,0,0
"319","isbelfr01",1901,1,"CHA","AL","P",1,0,0,0,1,0,0,0,0,0,0,0
"320","isbelfr01",1901,1,"CHA","AL","SS",1,0,0,1,1,0,0,0,0,0,0,0
"321","jacklfr01",1901,1,"PHI","NL","3B",1,0,0,0,1,0,0,0,0,0,0,0
"322","jacklfr01",1901,1,"PHI","NL","C",30,0,0,126,39,5,3,11,0,0,0,0
"323","jacksji01",1901,1,"BLA","AL","OF",96,0,0,234,4,7,1,0,0,0,0,0
"324","jennihu01",1901,1,"PHI","NL","1B",80,0,0,745,38,17,20,0,0,0,0,0
"325","jennihu01",1901,1,"PHI","NL","2B",1,0,0,1,6,0,1,0,0,0,0,0
"326","jennihu01",1901,1,"PHI","NL","SS",1,0,0,4,2,1,0,0,0,0,0,0
"327","jonesch03",1901,1,"BOS","AL","OF",10,0,0,13,0,1,0,0,0,0,0,0
"328","jonesco01",1901,1,"SLN","NL","P",10,0,0,7,25,0,1,0,0,0,0,0
"329","jonesda01",1901,1,"MLA","AL","OF",14,0,0,41,0,4,0,0,0,0,0,0
"330","jonesfi01",1901,1,"CHA","AL","OF",133,0,0,216,20,16,5,0,0,0,0,0
"331","jonesji01",1901,1,"NY1","NL","OF",20,0,0,32,4,4,1,0,0,0,0,0
"332","jonesji01",1901,1,"NY1","NL","P",1,0,0,1,2,1,0,0,0,0,0,0
"333","jordasl01",1901,1,"BLA","AL","1B",1,0,0,13,0,2,0,0,0,0,0,0
"334","jordati01",1901,1,"WS1","AL","1B",6,0,0,62,2,4,2,0,0,0,0,0
"335","kahoemi01",1901,1,"CIN","NL","C",4,0,0,13,3,0,1,5,0,0,0,0
"336","kahoemi01",1901,2,"CHN","NL","1B",6,0,0,37,4,5,2,0,0,0,0,0
"337","kahoemi01",1901,2,"CHN","NL","C",63,0,0,368,74,12,8,14,0,0,0,0
"338","karnsbi01",1901,1,"BLA","AL","P",3,0,0,1,3,0,0,0,0,0,0,0
"339","katolja01",1901,1,"CHA","AL","P",27,0,0,11,71,8,1,0,0,0,0,0
"340","keelewi01",1901,1,"BRO","NL","2B",3,0,0,5,8,0,0,0,0,0,0,0
"341","keelewi01",1901,1,"BRO","NL","3B",10,0,0,8,11,6,2,0,0,0,0,0
"342","keelewi01",1901,1,"BRO","NL","OF",125,0,0,181,17,3,4,0,0,0,0,0
"343","keistbi01",1901,1,"BLA","AL","SS",112,0,0,231,322,97,30,0,0,0,0,0
"344","kellejo01",1901,1,"BRO","NL","1B",115,0,0,984,82,27,63,0,0,0,0,0
"345","kellejo01",1901,1,"BRO","NL","3B",5,0,0,4,10,2,0,0,0,0,0,0
"346","kelluwi01",1901,1,"BOS","AL","P",6,0,0,2,18,0,0,0,0,0,0,0
"347","kennebr01",1901,1,"BRO","NL","P",14,0,0,3,20,1,1,0,0,0,0,0
"348","ketchfr01",1901,1,"PHA","AL","OF",5,0,0,7,0,1,0,0,0,0,0,0
"349","kitsofr01",1901,1,"BRO","NL","1B",1,0,0,4,0,0,0,0,0,0,0,0
"350","kitsofr01",1901,1,"BRO","NL","OF",2,0,0,2,0,0,0,0,0,0,0,0
"351","kitsofr01",1901,1,"BRO","NL","P",38,0,0,13,56,4,2,0,0,0,0,0
"352","kittrma01",1901,1,"BSN","NL","C",113,0,0,581,136,12,7,11,0,0,0,0
"353","klingjo01",1901,1,"CHN","NL","1B",1,0,0,6,0,1,0,0,0,0,0,0
"354","klingjo01",1901,1,"CHN","NL","C",69,0,0,319,75,20,7,14,0,0,0,0
"355","klingjo01",1901,1,"CHN","NL","OF",1,0,0,3,0,0,0,0,0,0,0,0
"356","krausch01",1901,1,"CIN","NL","2B",1,0,0,0,0,0,0,0,0,0,0,0
"357","kruegot01",1901,1,"SLN","NL","3B",142,0,0,171,275,60,11,0,0,0,0,0
"358","lachaca01",1901,1,"CLE","AL","1B",133,0,0,1342,58,30,73,0,0,0,0,0
"359","lajoina01",1901,1,"PHA","AL","2B",119,0,0,395,381,32,60,0,0,0,0,0
"360","lajoina01",1901,1,"PHA","AL","SS",12,0,0,35,43,2,3,0,0,0,0,0
"361","latimta01",1901,1,"BLA","AL","C",1,0,0,4,0,0,0,1,0,0,0,0
"362","laudebi01",1901,1,"PHA","AL","3B",2,0,0,4,6,2,0,0,0,0,0,0
"363","lawsobo01",1901,1,"BSN","NL","3B",1,0,0,0,0,2,0,0,0,0,0,0
"364","lawsobo01",1901,1,"BSN","NL","OF",3,0,0,5,1,0,0,0,0,0,0,0
"365","lawsobo01",1901,1,"BSN","NL","P",6,0,0,1,17,2,0,0,0,0,0,0
"366","leachto01",1901,1,"PIT","NL","3B",92,0,0,122,196,34,9,0,0,0,0,0
"367","leachto01",1901,1,"PIT","NL","SS",4,0,0,8,12,1,2,0,0,0,0,0
"368","leahyto01",1901,1,"MLA","AL","2B",1,0,0,1,3,1,1,0,0,0,0,0
"369","leahyto01",1901,1,"MLA","AL","C",28,0,0,93,35,8,4,6,0,0,0,0
"370","leahyto01",1901,1,"MLA","AL","OF",2,0,0,1,0,0,0,0,0,0,0,0
"371","leahyto01",1901,2,"PHA","AL","C",1,0,0,3,3,0,0,1,0,0,0,0
"372","leahyto01",1901,2,"PHA","AL","OF",2,0,0,2,0,0,0,0,0,0,0,0
"373","leahyto01",1901,2,"PHA","AL","SS",1,0,0,2,0,0,0,0,0,0,0,0
"374","leevesa01",1901,1,"PIT","NL","P",21,0,0,3,54,2,0,0,0,0,0,0
"375","leewa01",1901,1,"WS1","AL","OF",7,0,0,5,1,2,0,0,0,0,0,0
"376","leewa01",1901,1,"WS1","AL","P",36,0,0,11,81,5,3,0,0,0,0,0
"377","leitndu01",1901,1,"PHA","AL","P",1,0,0,0,0,0,0,0,0,0,0,0
"378","leitndu01",1901,2,"NY1","NL","P",2,0,0,0,3,0,0,0,0,0,0,0
"379","lewiste01",1901,1,"BOS","AL","P",39,0,0,7,84,7,1,0,0,0,0,0
"380","lindebo01",1901,1,"PHA","AL","OF",3,0,0,2,1,2,0,0,0,0,0,0
"381","livinja01",1901,1,"NY1","NL","P",2,0,0,0,1,0,0,0,0,0,0,0
"382","livinpa01",1901,1,"CLE","AL","C",1,0,0,0,1,0,0,0,0,0,0,0
"383","lochhha01",1901,1,"DET","AL","SS",1,0,0,2,4,1,0,0,0,0,0,0
"384","lochhha01",1901,2,"PHA","AL","SS",9,0,0,10,18,9,1,0,0,0,0,0
"385","longhe01",1901,1,"BSN","NL","SS",138,0,0,304,468,44,55,0,0,0,0,0
"386","loospe01",1901,1,"PHA","AL","P",1,0,0,0,1,0,0,0,0,0,0,0
"387","lowebo01",1901,1,"BSN","NL","2B",18,0,0,52,52,5,9,0,0,0,0,0
"388","lowebo01",1901,1,"BSN","NL","3B",111,0,0,149,192,33,12,0,0,0,0,0
"389","lushbi01",1901,1,"BSN","NL","OF",7,0,0,22,2,1,1,0,0,0,0,0
"390","luskech01",1901,1,"WS1","AL","C",3,0,0,8,0,3,0,0,0,0,0,0
"391","luskech01",1901,1,"WS1","AL","OF",8,0,0,17,1,4,0,0,0,0,0,0
"392","mageebi01",1901,1,"SLN","NL","P",1,0,0,1,0,0,0,0,0,0,0,0
"393","mageebi01",1901,2,"NY1","NL","P",6,0,0,3,10,0,0,0,0,0,0,0
"394","magooge01",1901,1,"CIN","NL","2B",15,0,0,31,37,4,6,0,0,0,0,0
"395","magooge01",1901,1,"CIN","NL","SS",112,0,0,253,345,53,36,0,0,0,0,0
"396","malonbi01",1901,1,"MLA","AL","C",72,0,0,284,111,20,6,17,0,0,0,0
"397","malonbi01",1901,1,"MLA","AL","OF",8,0,0,18,0,3,0,0,0,0,0,0
"398","mathech01",1901,1,"NY1","NL","P",40,0,0,21,108,1,1,0,0,0,0,0
"399","maulal01",1901,1,"NY1","NL","P",3,0,0,1,7,0,0,0,0,0,0,0
"400","mcaleja01",1901,1,"CHA","AL","P",1,0,0,0,1,0,0,0,0,0,0,0
"401","mcaleji01",1901,1,"CLE","AL","3B",1,0,0,0,0,0,0,0,0,0,0,0
"402","mcaleji01",1901,1,"CLE","AL","OF",2,0,0,3,0,0,0,0,0,0,0,0
"403","mcaleji01",1901,1,"CLE","AL","P",1,0,0,0,0,0,0,0,0,0,0,0
"404","mcallsp01",1901,1,"DET","AL","1B",28,0,0,261,10,16,16,0,0,0,0,0
"405","mcallsp01",1901,1,"DET","AL","3B",10,0,0,7,9,4,1,0,0,0,0,0
"406","mcallsp01",1901,1,"DET","AL","C",35,0,0,95,37,15,1,5,0,0,0,0
"407","mcallsp01",1901,1,"DET","AL","OF",11,0,0,13,0,5,0,0,0,0,0,0
"408","mcallsp01",1901,1,"DET","AL","SS",3,0,0,5,10,2,1,0,0,0,0,0
"409","mcbrial01",1901,1,"CIN","NL","OF",28,0,0,59,1,2,0,0,0,0,0,0
"410","mcbrial01",1901,2,"NY1","NL","OF",65,0,0,84,8,5,3,0,0,0,0,0
"411","mcbrige01",1901,1,"MLA","AL","SS",3,0,0,5,7,0,2,0,0,0,0,0
"412","mccange01",1901,1,"BRO","NL","P",6,0,0,2,11,2,0,0,0,0,0,0
"413","mccarja01",1901,1,"CLE","AL","OF",86,0,0,157,9,9,5,0,0,0,0,0
"414","mccorba01",1901,1,"CHN","NL","3B",3,0,0,4,6,1,0,0,0,0,0,0
"415","mccorba01",1901,1,"CHN","NL","SS",112,0,0,202,405,59,46,0,0,0,0,0
"416","mccreto01",1901,1,"BRO","NL","1B",4,0,0,22,1,1,2,0,0,0,0,0
"417","mccreto01",1901,1,"BRO","NL","OF",82,0,0,189,9,11,2,0,0,0,0,0
"418","mccreto01",1901,1,"BRO","NL","SS",2,0,0,6,5,2,2,0,0,0,0,0
"419","mcfadba01",1901,1,"CIN","NL","P",8,0,0,4,15,3,3,0,0,0,0,0
"420","mcfared01",1901,1,"PHI","NL","C",74,0,0,316,102,13,2,16,0,0,0,0
"421","mcfarhe01",1901,1,"CHA","AL","OF",132,0,0,283,14,17,3,0,0,0,0,0
"422","mcganda01",1901,1,"SLN","NL","1B",103,0,0,1030,50,18,64,0,0,0,0,0
"423","mcginjo01",1901,1,"BLA","AL","3B",1,0,0,2,0,0,0,0,0,0,0,0
"424","mcginjo01",1901,1,"BLA","AL","P",48,0,0,15,104,9,2,0,0,0,0,0
"425","mcgrajo01",1901,1,"BLA","AL","3B",69,0,0,80,107,23,5,0,0,0,0,0
"426","mcguide01",1901,1,"BRO","NL","1B",3,0,0,24,0,0,2,0,0,0,0,0
"427","mcguide01",1901,1,"BRO","NL","C",81,0,0,415,94,21,4,15,0,0,0,0
"428","mcguiji01",1901,1,"CLE","AL","SS",18,0,0,40,54,9,10,0,0,0,0,0
"429","mcintma01",1901,1,"PHA","AL","OF",82,0,0,155,8,14,0,0,0,0,0,0
"430","mcjamdo01",1901,1,"BRO","NL","P",13,0,0,2,17,5,0,0,0,0,0,0
"431","mckinbo01",1901,1,"PHA","AL","2B",1,0,0,0,0,0,0,0,0,0,0,0
"432","mckinbo01",1901,1,"PHA","AL","3B",1,0,0,0,0,1,0,0,0,0,0,0
"433","mcleala01",1901,1,"BOS","AL","1B",5,0,0,38,2,0,2,0,0,0,0,0
"434","mcneaha01",1901,1,"CLE","AL","P",12,0,0,2,15,2,0,0,0,0,0,0
"435","mcphejo01",1901,1,"PHA","AL","P",1,0,0,0,3,1,1,0,0,0,0,0
"436","menefjo01",1901,1,"CHN","NL","1B",2,0,0,15,0,4,1,0,0,0,0,0
"437","menefjo01",1901,1,"CHN","NL","2B",1,0,0,0,1,0,0,0,0,0,0,0
"438","menefjo01",1901,1,"CHN","NL","OF",24,0,0,39,3,4,1,0,0,0,0,0
"439","menefjo01",1901,1,"CHN","NL","P",21,0,0,13,44,4,0,0,0,0,0,0
"440","mercewi01",1901,1,"WS1","AL","1B",7,0,0,60,2,4,7,0,0,0,0,0
"441","mercewi01",1901,1,"WS1","AL","3B",1,0,0,1,0,0,0,0,0,0,0,0
"442","mercewi01",1901,1,"WS1","AL","OF",16,0,0,14,5,7,2,0,0,0,0,0
"443","mercewi01",1901,1,"WS1","AL","P",24,0,0,17,50,4,1,0,0,0,0,0
"444","mercewi01",1901,1,"WS1","AL","SS",1,0,0,0,0,0,0,0,0,0,0,0
"445","merrige01",1901,1,"PIT","NL","P",3,0,0,1,5,0,0,0,0,0,0,0
"446","mertesa01",1901,1,"CHA","AL","2B",132,0,0,337,396,47,54,0,0,0,0,0
"447","mertesa01",1901,1,"CHA","AL","OF",5,0,0,20,0,0,0,0,0,0,0,0
"448","milleji01",1901,1,"NY1","NL","2B",18,0,0,26,47,5,6,0,0,0,0,0
"449","millero01",1901,1,"DET","AL","P",38,0,0,19,112,5,4,0,0,0,0,0
"450","millibi01",1901,1,"PHA","AL","OF",1,0,0,0,0,0,0,0,0,0,0,0
"451","millibi01",1901,1,"PHA","AL","P",6,0,0,1,8,0,0,0,0,0,0,0
"452","millswi01",1901,1,"NY1","NL","P",2,0,0,1,2,0,0,0,0,0,0,0
"453","mitchfr01",1901,1,"BOS","AL","2B",2,0,0,0,1,1,0,0,0,0,0,0
"454","mitchfr01",1901,1,"BOS","AL","P",17,0,0,2,33,5,2,0,0,0,0,0
"455","mitchfr01",1901,1,"BOS","AL","SS",1,0,0,0,0,0,0,0,0,0,0,0
"456","mooreea01",1901,1,"CLE","AL","P",31,0,0,9,45,7,2,0,0,0,0,0
"457","moranpa01",1901,1,"BSN","NL","1B",13,0,0,133,5,6,4,0,0,0,0,0
"458","moranpa01",1901,1,"BSN","NL","2B",1,0,0,1,4,0,0,0,0,0,0,0
"459","moranpa01",1901,1,"BSN","NL","3B",4,0,0,1,3,2,0,0,0,0,0,0
"460","moranpa01",1901,1,"BSN","NL","C",28,0,0,159,20,5,4,4,0,0,0,0
"461","moranpa01",1901,1,"BSN","NL","OF",3,0,0,4,0,0,0,0,0,0,0,0
"462","moranpa01",1901,1,"BSN","NL","SS",3,0,0,1,5,1,0,0,0,0,0,0
"463","morrifr01",1901,1,"BOS","AL","P",1,0,0,0,2,0,0,0,0,0,0,0
"464","murphda02",1901,1,"NY1","NL","2B",5,0,0,6,11,2,0,0,0,0,0,0
"465","murphed01",1901,1,"SLN","NL","P",23,0,0,7,52,1,1,0,0,0,0,0
"466","murphfr01",1901,1,"BSN","NL","OF",45,0,0,97,10,7,1,0,0,0,0,0
"467","murphfr01",1901,2,"NY1","NL","2B",23,0,0,38,62,18,3,0,0,0,0,0
"468","murphfr01",1901,2,"NY1","NL","OF",12,0,0,17,1,1,0,0,0,0,0,0
"469","murphmo01",1901,1,"PHA","AL","1B",1,0,0,7,0,2,0,0,0,0,0,0
"470","murphmo01",1901,1,"PHA","AL","C",8,0,0,32,7,3,1,2,0,0,0,0
"471","nancedo01",1901,1,"DET","AL","OF",132,0,0,240,20,19,6,0,0,0,0,0
"472","nelsora01",1901,1,"NY1","NL","2B",39,0,0,44,125,22,10,0,0,0,0,0
"473","newtodo01",1901,1,"CIN","NL","P",20,0,0,8,52,13,1,0,0,0,0,0
"474","newtodo01",1901,2,"BRO","NL","P",13,0,0,6,26,5,2,0,0,0,0,0
"475","nichoar01",1901,1,"SLN","NL","C",47,0,0,187,51,10,5,10,0,0,0,0
"476","nichoar01",1901,1,"SLN","NL","OF",40,0,0,69,9,3,4,0,0,0,0,0
"477","nichoki01",1901,1,"BSN","NL","1B",5,0,0,31,2,4,3,0,0,0,0,0
"478","nichoki01",1901,1,"BSN","NL","OF",7,0,0,15,1,2,0,0,0,0,0,0
"479","nichoki01",1901,1,"BSN","NL","P",38,0,0,27,69,4,1,0,0,0,0,0
"480","nopsje01",1901,1,"BLA","AL","P",27,0,0,2,34,10,0,0,0,0,0,0
"481","obrieja02",1901,1,"WS1","AL","OF",11,0,0,26,0,2,0,0,0,0,0,0
"482","obrieja02",1901,2,"CLE","AL","3B",1,0,0,1,2,0,0,0,0,0,0,0
"483","obrieja02",1901,2,"CLE","AL","OF",92,0,0,150,9,10,4,0,0,0,0,0
"484","obriepe02",1901,1,"CIN","NL","2B",15,0,0,35,37,9,6,0,0,0,0,0
"485","oconnja01",1901,1,"PIT","NL","C",59,0,0,256,59,7,5,11,0,0,0,0
"486","oneilmi01",1901,1,"SLN","NL","P",5,0,0,1,6,1,0,0,0,0,0,0
"487","orthal01",1901,1,"PHI","NL","OF",4,0,0,4,0,0,0,0,0,0,0,0
"488","orthal01",1901,1,"PHI","NL","P",35,0,0,21,83,6,2,0,0,0,0,0
"489","owenfr01",1901,1,"DET","AL","OF",1,0,0,0,0,1,0,0,0,0,0,0
"490","owenfr01",1901,1,"DET","AL","P",8,0,0,7,24,1,2,0,0,0,0,0
"491","paddedi01",1901,1,"SLN","NL","2B",115,0,0,286,336,33,47,0,0,0,0,0
"492","paddedi01",1901,1,"SLN","NL","SS",8,0,0,15,24,7,2,0,0,0,0,0
"493","parenfr01",1901,1,"BOS","AL","SS",138,0,0,260,446,63,52,0,0,0,0,0
"494","parkedo01",1901,1,"CIN","NL","P",1,0,0,1,1,0,1,0,0,0,0,0
"495","patteca01",1901,1,"WS1","AL","P",32,0,0,21,60,4,2,0,0,0,0,0
"496","pattero01",1901,1,"CHA","AL","P",41,0,0,9,88,6,2,0,0,0,0,0
"497","peitzhe01",1901,1,"CIN","NL","1B",2,0,0,9,1,0,0,0,0,0,0,0
"498","peitzhe01",1901,1,"CIN","NL","2B",21,0,0,45,54,2,8,0,0,0,0,0
"499","peitzhe01",1901,1,"CIN","NL","3B",6,0,0,7,12,1,2,0,0,0,0,0
"500","peitzhe01",1901,1,"CIN","NL","C",49,0,0,260,60,6,4,4,0,0,0,0
"501","phillbi02",1901,1,"CIN","NL","OF",1,0,0,1,0,2,0,0,0,0,0,0
"502","phillbi02",1901,1,"CIN","NL","P",37,0,0,11,100,8,3,0,0,0,0,0
"503","phillde01",1901,1,"PIT","NL","P",37,0,0,15,89,6,2,0,0,0,0,0
"504","phylebi01",1901,1,"NY1","NL","P",24,0,0,17,48,7,0,0,0,0,0,0
"505","phylebi01",1901,1,"NY1","NL","SS",1,0,0,0,0,0,0,0,0,0,0,0
"506","piattwi01",1901,1,"PHA","AL","P",18,0,0,3,22,2,0,0,0,0,0,0
"507","piattwi01",1901,2,"CHA","AL","P",7,0,0,0,9,2,0,0,0,0,0,0
"508","pickeol01",1901,1,"CLE","AL","OF",137,0,0,315,22,18,9,0,0,0,0,0
"509","pittito01",1901,1,"BSN","NL","P",34,0,0,8,86,4,4,0,0,0,0,0
"510","planked01",1901,1,"PHA","AL","P",33,0,0,6,63,5,2,0,0,0,0,0
"511","pooleed01",1901,1,"PIT","NL","2B",1,0,0,1,2,0,0,0,0,0,0,0
"512","pooleed01",1901,1,"PIT","NL","3B",1,0,0,0,0,0,0,0,0,0,0,0
"513","pooleed01",1901,1,"PIT","NL","OF",12,0,0,18,0,0,0,0,0,0,0,0
"514","pooleed01",1901,1,"PIT","NL","P",12,0,0,7,21,2,1,0,0,0,0,0
"515","powelja01",1901,1,"SLN","NL","P",45,0,0,15,64,7,4,0,0,0,0,0
"516","powerdo01",1901,1,"PHA","AL","1B",3,0,0,30,0,2,1,0,0,0,0,0
"517","powerdo01",1901,1,"PHA","AL","C",111,0,0,400,137,27,6,19,0,0,0,0
"518","prentge01",1901,1,"BOS","AL","P",2,0,0,0,3,0,0,0,0,0,0,0
"519","quinnjo02",1901,1,"WS1","AL","2B",66,0,0,158,177,16,17,0,0,0,0,0
"520","raymefr01",1901,1,"CHN","NL","1B",5,0,0,54,4,1,1,0,0,0,0,0
"521","raymefr01",1901,1,"CHN","NL","2B",3,0,0,6,12,1,0,0,0,0,0,0
"522","raymefr01",1901,1,"CHN","NL","3B",82,0,0,79,143,30,5,0,0,0,0,0
"523","raymefr01",1901,1,"CHN","NL","SS",29,0,0,47,76,10,9,0,0,0,0,0
"524","reidybi01",1901,1,"MLA","AL","P",37,0,0,10,72,4,2,0,0,0,0,0
"525","richabi01",1901,1,"SLN","NL","1B",15,0,0,154,5,3,7,0,0,0,0,0
"526","rickejo01",1901,1,"BSN","NL","OF",13,0,0,35,2,1,1,0,0,0,0,0
"527","ritchcl01",1901,1,"PIT","NL","2B",139,0,0,340,392,46,53,0,0,0,0,0
"528","ritchcl01",1901,1,"PIT","NL","SS",1,0,0,0,4,0,1,0,0,0,0,0
"529","robinwi01",1901,1,"BLA","AL","C",67,0,0,235,61,16,4,5,0,0,0,0
"530","rohege01",1901,1,"BLA","AL","1B",8,0,0,61,1,6,4,0,0,0,0,0
"531","rohege01",1901,1,"BLA","AL","3B",6,0,0,6,2,1,2,0,0,0,0,0
"532","rusieam01",1901,1,"CIN","NL","P",3,0,0,1,8,1,0,0,0,0,0,0
"533","ryanja01",1901,1,"SLN","NL","1B",5,0,0,50,5,0,7,0,0,0,0,0
"534","ryanja01",1901,1,"SLN","NL","2B",9,0,0,17,28,6,3,0,0,0,0,0
"535","ryanja01",1901,1,"SLN","NL","C",65,0,0,292,84,7,7,9,0,0,0,0
"536","ryanja01",1901,1,"SLN","NL","OF",3,0,0,3,1,1,0,0,0,0,0,0
"537","schaege01",1901,1,"CHN","NL","2B",1,0,0,3,2,0,1,0,0,0,0,0
"538","schaege01",1901,1,"CHN","NL","3B",1,0,0,3,2,0,0,0,0,0,0,0
"539","scheifr01",1901,1,"CLE","AL","SS",92,0,0,176,268,51,26,0,0,0,0,0
"540","schmicr01",1901,1,"BLA","AL","P",4,0,0,0,11,0,0,0,0,0,0,0
"541","schreos01",1901,1,"BOS","AL","1B",4,0,0,28,0,0,1,0,0,0,0,0
"542","schreos01",1901,1,"BOS","AL","C",72,0,0,273,102,30,8,14,0,0,0,0
"543","schripo01",1901,1,"SLN","NL","1B",19,0,0,182,18,6,11,0,0,0,0,0
"544","schripo01",1901,1,"SLN","NL","C",24,0,0,91,43,4,2,5,0,0,0,0
"545","scottdi01",1901,1,"CIN","NL","P",3,0,0,1,3,2,0,0,0,0,0,0
"546","scotted01",1901,1,"CLE","AL","P",17,0,0,5,43,2,1,0,0,0,0,0
"547","selbaki01",1901,1,"NY1","NL","OF",125,0,0,215,11,14,2,0,0,0,0,0
"548","seyboso01",1901,1,"PHA","AL","1B",14,0,0,144,7,2,7,0,0,0,0,0
"549","seyboso01",1901,1,"PHA","AL","OF",100,0,0,157,10,8,2,0,0,0,0,0
"550","seymocy01",1901,1,"BLA","AL","1B",1,0,0,7,1,1,1,0,0,0,0,0
"551","seymocy01",1901,1,"BLA","AL","OF",133,0,0,271,23,17,4,0,0,0,0,0
"552","shawal01",1901,1,"DET","AL","1B",9,0,0,83,3,5,7,0,0,0,0,0
"553","shawal01",1901,1,"DET","AL","3B",2,0,0,0,1,0,0,0,0,0,0,0
"554","shawal01",1901,1,"DET","AL","C",42,0,0,134,46,12,5,0,0,0,0,0
"555","shawal01",1901,1,"DET","AL","SS",1,0,0,0,0,0,0,0,0,0,0,0
"556","shayda01",1901,1,"CLE","AL","SS",19,0,0,38,53,10,3,0,0,0,0,0
"557","sheckji01",1901,1,"BRO","NL","3B",12,0,0,9,22,12,1,0,0,0,0,0
"558","sheckji01",1901,1,"BRO","NL","OF",121,0,0,287,15,18,5,0,0,0,0,0
"559","shugafr01",1901,1,"CHA","AL","SS",107,0,0,223,338,73,32,0,0,0,0,0
"560","sieveed01",1901,1,"DET","AL","P",38,0,0,16,74,9,5,0,0,0,0,0
"561","skopejo01",1901,1,"CHA","AL","P",9,0,0,3,32,3,1,0,0,0,0,0
"562","slaglji01",1901,1,"PHI","NL","OF",48,0,0,108,12,9,3,0,0,0,0,0
"563","slaglji01",1901,2,"BSN","NL","OF",66,0,0,89,11,7,3,0,0,0,0,0
"564","slattja01",1901,1,"BOS","AL","C",1,0,0,3,2,0,0,0,0,0,0,0
"565","smithal01",1901,1,"NY1","NL","C",24,0,0,106,22,5,2,14,0,0,0,0
"566","smithel01",1901,1,"PIT","NL","OF",1,0,0,2,0,0,0,0,0,0,0,0
"567","smithel01",1901,2,"BSN","NL","OF",15,0,0,19,1,4,0,0,0,0,0,0
"568","smithha03",1901,1,"PHA","AL","C",9,0,0,21,10,1,0,1,0,0,0,0
"569","smithha03",1901,1,"PHA","AL","OF",1,0,0,0,0,2,0,0,0,0,0,0
"570","smithhe01",1901,1,"NY1","NL","2B",7,0,0,13,18,1,0,0,0,0,0,0
"571","smithhe01",1901,1,"NY1","NL","P",2,0,0,0,2,0,0,0,0,0,0,0
"572","smithju01",1901,1,"PIT","NL","3B",6,0,0,7,11,1,0,0,0,0,0,0
"573","snodgch01",1901,1,"BLA","AL","OF",2,0,0,3,0,3,0,0,0,0,0,0
"574","sparktu01",1901,1,"MLA","AL","P",29,0,0,6,60,8,1,0,0,0,0,0
"575","stahlch01",1901,1,"BOS","AL","OF",131,0,0,277,12,13,3,0,0,0,0,0
"576","steelfa01",1901,1,"BRO","NL","C",1,0,0,4,3,1,0,0,0,0,0,0
"577","steelfa01",1901,2,"PHA","AL","C",14,0,0,52,24,0,1,0,0,0,0,0
"578","steelfa01",1901,2,"PHA","AL","OF",12,0,0,10,2,0,1,0,0,0,0,0
"579","steinha01",1901,1,"CIN","NL","2B",50,0,0,138,142,18,23,0,0,0,0,0
"580","steinha01",1901,1,"CIN","NL","3B",55,0,0,60,127,24,5,0,0,0,0,0
"581","stimmar01",1901,1,"CIN","NL","OF",2,0,0,4,0,0,0,0,0,0,0,0
"582","stimmar01",1901,1,"CIN","NL","P",20,0,0,2,28,2,2,0,0,0,0,0
"583","stransa01",1901,1,"NY1","NL","2B",37,0,0,54,104,11,10,0,0,0,0,0
"584","stransa01",1901,1,"NY1","NL","3B",91,0,0,127,194,45,16,0,0,0,0,0
"585","stransa01",1901,1,"NY1","NL","OF",5,0,0,2,0,2,0,0,0,0,0,0
"586","stransa01",1901,1,"NY1","NL","SS",4,0,0,6,6,2,1,0,0,0,0,0
"587","sudhowi01",1901,1,"SLN","NL","P",38,0,0,14,84,5,4,0,0,0,0,0
"588","sugdejo01",1901,1,"CHA","AL","1B",5,0,0,21,2,0,0,0,0,0,0,0
"589","sugdejo01",1901,1,"CHA","AL","C",42,0,0,179,47,7,4,10,0,0,0,0
"590","sullibi03",1901,1,"CHA","AL","3B",1,0,0,0,0,2,0,0,0,0,0,0
"591","sullibi03",1901,1,"CHA","AL","C",97,0,0,396,104,17,13,13,0,0,0,0
"592","sutthja01",1901,1,"CIN","NL","OF",1,0,0,2,0,0,0,0,0,0,0,0
"593","sutthja01",1901,1,"CIN","NL","P",10,0,0,4,15,5,0,0,0,0,0,0
"594","swormle01",1901,1,"CIN","NL","P",3,0,0,2,6,0,0,0,0,0,0,0
"595","tanneje01",1901,1,"PIT","NL","OF",10,0,0,18,3,2,1,0,0,0,0,0
"596","tanneje01",1901,1,"PIT","NL","P",32,0,0,5,50,5,0,0,0,0,0,0
"597","taylodu01",1901,1,"NY1","NL","P",45,0,0,19,92,6,2,0,0,0,0,0
"598","tayloja02",1901,1,"CHN","NL","P",33,0,0,24,78,6,3,0,0,0,0,0
"599","tennefr02",1901,1,"BSN","NL","1B",113,0,0,1059,86,28,58,0,0,0,0,0
"600","tennefr02",1901,1,"BSN","NL","C",2,0,0,10,2,1,0,0,0,0,0,0
"601","thomaro01",1901,1,"PHI","NL","OF",129,0,0,283,9,10,2,0,0,0,0,0
"602","townsha01",1901,1,"PHI","NL","OF",1,0,0,0,0,0,0,0,0,0,0,0
"603","townsha01",1901,1,"PHI","NL","P",19,0,0,5,25,3,2,0,0,0,0,0
"604","turnete01",1901,1,"PIT","NL","3B",2,0,0,3,7,2,0,0,0,0,0,0
"605","vanhage01",1901,1,"NY1","NL","OF",135,0,0,263,23,18,5,0,0,0,0,0
"606","vanhage01",1901,1,"NY1","NL","P",1,0,0,0,4,0,0,0,0,0,0,0
"607","vanzaik01",1901,1,"NY1","NL","OF",1,0,0,0,0,1,0,0,0,0,0,0
"608","vanzaik01",1901,1,"NY1","NL","P",2,0,0,1,0,2,0,0,0,0,0,0
"609","volzja01",1901,1,"BOS","AL","P",1,0,0,0,0,2,0,0,0,0,0,0
"610","wadderu01",1901,1,"PIT","NL","P",2,0,0,0,4,1,0,0,0,0,0,0
"611","wadderu01",1901,2,"CHN","NL","1B",1,0,0,6,0,0,1,0,0,0,0,0
"612","wadderu01",1901,2,"CHN","NL","P",29,0,0,32,62,4,0,0,0,0,0,0
"613","wagneho01",1901,1,"PIT","NL","2B",1,0,0,4,4,0,0,0,0,0,0,0
"614","wagneho01",1901,1,"PIT","NL","3B",24,0,0,37,50,10,3,0,0,0,0,0
"615","wagneho01",1901,1,"PIT","NL","OF",54,0,0,79,2,2,0,0,0,0,0,0
"616","wagneho01",1901,1,"PIT","NL","SS",61,0,0,177,224,36,31,0,0,0,0,0
"617","waldrir01",1901,1,"MLA","AL","OF",62,0,0,97,9,14,0,0,0,0,0,0
"618","waldrir01",1901,2,"WS1","AL","OF",78,0,0,140,7,7,0,0,0,0,0,0
"619","wallabo01",1901,1,"SLN","NL","SS",134,0,0,326,542,66,67,0,0,0,0,0
"620","walljo01",1901,1,"NY1","NL","C",2,0,0,3,0,0,0,0,0,0,0,0
"621","walljo01",1901,1,"NY1","NL","OF",1,0,0,0,0,0,0,0,0,0,0,0
"622","warnejo01",1901,1,"NY1","NL","C",84,0,0,361,107,16,11,13,0,0,0,0
"623","weyhigu01",1901,1,"CLE","AL","P",2,0,0,0,3,0,0,0,0,0,0,0
"624","weyhigu01",1901,2,"CIN","NL","P",1,0,0,0,1,0,0,0,0,0,0,0
"625","whitedo01",1901,1,"PHI","NL","OF",1,0,0,1,0,0,0,0,0,0,0,0
"626","whitedo01",1901,1,"PHI","NL","P",31,0,0,6,72,4,0,0,0,0,0,0
"627","wickebo01",1901,1,"SLN","NL","OF",1,0,0,1,0,0,0,0,0,0,0,0
"628","wickebo01",1901,1,"SLN","NL","P",1,0,0,0,0,0,0,0,0,0,0,0
"629","williji01",1901,1,"BLA","AL","2B",130,0,0,339,412,52,47,0,0,0,0,0
"630","willivi01",1901,1,"BSN","NL","P",38,0,0,22,66,3,2,0,0,0,0,0
"631","wiltssn01",1901,1,"PIT","NL","P",7,0,0,1,17,0,0,0,0,0,0,0
"632","wiltssn01",1901,2,"PHA","AL","P",19,0,0,10,51,6,2,0,0,0,0,0
"633","wintege01",1901,1,"BOS","AL","P",28,0,0,15,64,8,4,0,0,0,0,0
"634","wolveha01",1901,1,"PHI","NL","3B",93,0,0,114,190,26,9,0,0,0,0,0
"635","woodbo01",1901,1,"CLE","AL","1B",1,0,0,9,0,0,0,0,0,0,0,0
"636","woodbo01",1901,1,"CLE","AL","2B",1,0,0,0,1,0,0,0,0,0,0,0
"637","woodbo01",1901,1,"CLE","AL","3B",4,0,0,6,12,2,1,0,0,0,0,0
"638","woodbo01",1901,1,"CLE","AL","C",84,0,0,307,106,21,11,17,0,0,0,0
"639","woodbo01",1901,1,"CLE","AL","OF",3,0,0,5,1,1,0,0,0,0,0,0
"640","woodbo01",1901,1,"CLE","AL","SS",1,0,0,1,1,1,0,0,0,0,0,0
"641","wrighge02",1901,1,"BRO","NL","P",1,0,0,0,1,0,0,0,0,0,0,0
"642","yeagege01",1901,1,"CLE","AL","1B",5,0,0,50,2,2,2,0,0,0,0,0
"643","yeagege01",1901,1,"CLE","AL","2B",2,0,0,1,3,2,0,0,0,0,0,0
"644","yeagege01",1901,1,"CLE","AL","C",25,0,0,90,45,5,1,7,0,0,0,0
"645","yeagege01",1901,1,"CLE","AL","OF",3,0,0,5,1,3,0,0,0,0,0,0
"646","yeagege01",1901,2,"PIT","NL","1B",1,0,0,12,0,1,0,0,0,0,0,0
"647","yeagege01",1901,2,"PIT","NL","3B",4,0,0,4,10,2,4,0,0,0,0,0
"648","yeagege01",1901,2,"PIT","NL","C",20,0,0,81,20,3,2,5,0,0,0,0
"649","yeagejo01",1901,1,"DET","AL","2B",1,0,0,2,1,0,0,0,0,0,0,0
"650","yeagejo01",1901,1,"DET","AL","P",26,0,0,13,66,7,4,0,0,0,0,0
"651","yeagejo01",1901,1,"DET","AL","SS",12,0,0,18,37,6,8,0,0,0,0,0
"652","yerkest01",1901,1,"BLA","AL","P",1,0,0,0,2,0,0,0,0,0,0,0
"653","yerkest01",1901,2,"SLN","NL","P",4,0,0,0,8,0,0,0,0,0,0,0
"654","youngcy01",1901,1,"BOS","AL","P",43,0,0,12,105,3,3,0,0,0,0,0
"655","zimmech01",1901,1,"PIT","NL","C",68,0,0,285,69,9,4,6,0,0,0,0
